N_CTX,mLSTM PT,mLSTM PT Compile,mLSTM Triton
256.000000,0.212689,0.107696,0.076507
512.000000,0.578324,0.324955,0.162917
1024.000000,3.295056,1.181538,0.488450
2048.000000,13.671323,4.535624,1.675041
4096.000000,54.495167,18.335104,5.996934
